0,PIENSA EN UNA FRUTA,*,*,<think>#Newline	<set name="fruta">#Newline		<random>#Newline		<li>fresa</li>#Newline		<li>manzana</li>#Newline		<li>naranja</li>#Newline		<li>kiwi</li>#Newline		<li>mandarina</li>#Newline		<li>pina</li>#Newline		<li>mango</li>#Newline		<li>melocoton</li>#Newline		<li>higo</li>#Newline		<li>ciruela</li>#Newline		<li>pera</li>#Newline		<li>platano</li>#Newline		<li>coco</li>#Newline		<li>aguacate</li>#Newline		<li>nuez</li>#Newline		<li>cereza</li>#Newline		</random>#Newline		</set>#Newline	</think>#Newline	Ya he pensado la <set name="topic"> fruta </set> :),nivel1.aiml
0,# [ES EN] EL *,*,FRUTA,<think>#Newline		<set var="ganar"><srai>COMPARE <star index="2"/> WITH <get name="fruta"/></srai></set>#Newline		</think>#Newline		<condition var="ganar">#Newline			<li value="YES">Enhorabuena has acertado jugamos de nuevo?</li>#Newline			<li>Intentalo de nuevo</li>#Newline		</condition>,nivel1.aiml
0,# [ES EN] LA *,*,FRUTA,<think>#Newline		<set var="ganar"><srai>COMPARE <star index="2"/> WITH <get name="fruta"/></srai></set>#Newline		</think>#Newline		<condition var="ganar">#Newline			<li value="YES">Enhorabuena has acertado jugamos de nuevo?</li>#Newline			<li>Intentalo de nuevo</li>#Newline		</condition>,nivel1.aiml
0,^ ES *,*,FRUTA,<think>#Newline		<set var="lista"><map name="atribfrutas"><get name="fruta"/></map></set>#Newline		<set var="condicion"><srai>FINDITEM <star index="2"/> in <get var="lista"/></srai></set>#Newline		</think>#Newline		<condition var="condicion">#Newline			<li value="0">No</li>#Newline			<li>Si</li>#Newline		</condition>,nivel1.aiml
0,TIENE VITAMINA *,*,FRUTA,<think>#Newline		<set var="lista"><map name="atribfrutas"><get name="fruta"/></map></set>#Newline		<set var="condicion"><srai>FINDITEM <star/> in <get var="lista"/></srai></set>#Newline		</think>#Newline		<condition var="condicion">#Newline			<li value="0">No</li>#Newline			<li>Si</li>#Newline		</condition>,nivel1.aiml
0,(EL)(LA) <SET>FRUTAS</SET> ES *,*,FRUTA,<think>#Newline		<set var="atributo"><map name="atribfrutas"><star index="1"/></map></set>#Newline		<set var="condicion"><srai>FINDITEM <star index="2"/> in <get var="atributo"/></srai></set>#Newline		</think>#Newline		<condition var="condicion">#Newline			<li value="0">No</li>#Newline			<li>Si</li>#Newline		</condition>,nivel1.aiml
0,(EL)(LA) * TIENE VITAMINA *,*,FRUTA,<think>#Newline		<set var="atributo"><map name="atribfrutas"><star index="1"/></map></set>#Newline		<set var="condicion"><srai>FINDITEM <star index="2"/> in <get var="atributo"/></srai></set>#Newline		</think>#Newline		<condition var="condicion">#Newline			<li value="0">No</li>#Newline			<li>Si</li>#Newline		</condition>,nivel1.aiml
0,SI,ENHORABUENA HAS ACERTADO JUGAMOS DE NUEVO,FRUTA,<srai>PIENSA EN UNA FRUTA</srai>,nivel1.aiml
0,NO,ENHORABUENA HAS ACERTADO JUGAMOS DE NUEVO,*,<srai>QUE QUIERES HACER</srai>,nivel1.aiml
