0,QUE QUIERES HACER,*,*,Que quieres hacer?,nivel2.aiml
0,^ JUG+,*,*,Quieres pensar o adivinar?,nivel2.aiml
0,^ PENSAR,*,*,<srai>VOY A PENSAR EN UNA FRUTA</srai>,nivel2.aiml
0,^ ADIVINAR,*,*,<srai>PIENSA EN UNA FRUTA</srai>,nivel2.aiml
0,VOY A PENSAR EN UNA FRUTA,*,*,Voy a <set name="topic"> adivinar </set> tu fruta#Newline		<think>		#Newline			<set name="listaatributos"><readset>atributos</readset></set>#Newline			<set name="lista"><readset>frutas</readset></set>#Newline			<set name="seguir">SI</set>#Newline		</think>#Newline		<srai>PREGUNTA</srai>,nivel2.aiml
0,*,*,ADIVINAR,<think>#Newline		<set name="respuesta"><star/></set>#Newline		<set var="contador"><srai>COUNT <get name="lista"/></srai></set>#Newline		<set name="item"><srai>SELECTITEM <get var="contador"/> in <get name="lista"/></srai></set>#Newline#Newline	</think>#Newline		<condition var="contador">#Newline			<li value="0"/>#Newline			<li><srai>RESPUESTA</srai>#Newline	<think>#Newline			<set var="contador"><map name="predecessor"><get var="contador"/></map></set>#Newline			<set name="item"><srai>SELECTITEM <get var="contador"/> in <get name="lista"/></srai></set> #Newline	</think>#Newline			<loop/>#Newline#Newline			</li>#Newline#Newline		</condition>#Newline	<condition name="seguir">#Newline		<li value="SI">#Newline			<srai>PREGUNTA</srai>#Newline		</li>#Newline	</condition>,nivel2.aiml
0,PREGUNTA,*,ADIVINAR,<think>#Newline		<set name="atributo"><srai>TOP <get name="listaatributos"/></srai></set>#Newline	</think>#Newline		La fruta es (o tiene vitamina) <get name="atributo"/>?#Newline	<think>#Newline		<set name="listaatributos"><srai>REMAIN <get name="listaatributos"/></srai></set>#Newline	</think>,nivel2.aiml
0,RESPUESTA,*,ADIVINAR,<condition name="respuesta">#Newline			<li value="SI">#Newline				<think>#Newline					<set var="aux"><map name="atribfrutas"><get name="item"/></map></set>#Newline					<set var="atrib"><srai>FINDITEM <get name="atributo"/> in <get var="aux"/></srai></set>#Newline				</think>#Newline				<condition var="atrib">#Newline					<li value="0">#Newline						<think>#Newline							<set var="borrar"><srai>FINDITEM <get name="item"/> in <get name="lista"/></srai></set>#Newline							<set name="lista"><srai>REMOVEITEM <get var="borrar"/> in <get name="lista"/></srai></set>#Newline							<set var="ganar"><srai>COUNT <get name="lista"/></srai></set>#Newline						</think>#Newline						<condition var="ganar">#Newline							<li value="0">ME HAS MENTIDOOO la fruta no era el/la <get name="ultimafruta"/></li>#Newline							<li value="1">Creo que la fruta que has pensado es <get name="lista"/>#Newline							<think>#Newline								<set name="ultimafruta"><get name="lista"/></set>#Newline							</think>#Newline							<srai>GANAR</srai>#Newline							<think>#Newline								<set name="seguir">NO</set>#Newline							</think>#Newline							</li>#Newline						</condition>#Newline					</li>#Newline				</condition>#Newline			</li>#Newline			<li value="NO">#Newline				<think>#Newline					<set var="aux"><map name="atribfrutas"><get name="item"/></map></set>#Newline					<set var="atrib"><srai>FINDITEM <get name="atributo"/> in <get var="aux"/></srai></set>#Newline				</think>#Newline				<condition var="atrib">#Newline					<li value="0"/>#Newline					<li>#Newline						<think>#Newline							<set var="borrar"><srai>FINDITEM <get name="item"/> in <get name="lista"/></srai></set>#Newline							<set name="lista"><srai>REMOVEITEM <get var="borrar"/> in <get name="lista"/></srai></set>#Newline							<set var="ganar"><srai>COUNT <get name="lista"/></srai></set>#Newline						</think>#Newline						<condition var="ganar">#Newline							<li value="0">ME HAS MENTIDOOO la fruta no era el/la <get name="ultimafruta"/></li>#Newline							<li value="1">Creo que la fruta que has pensado es <get name="lista"/>#Newline							<think>#Newline								<set name="ultimafruta"><get name="lista"/></set>#Newline							</think>#Newline							<srai>GANAR</srai>#Newline							<think>#Newline								<set name="seguir">NO</set>#Newline							</think>#Newline							</li>#Newline						</condition>#Newline					</li>#Newline				</condition>#Newline			</li>#Newline		</condition>,nivel2.aiml
0,GANAR,*,*,<srai>QUE QUIERES HACER</srai>,nivel2.aiml
